Player,Pos,G,GS,MP,TRB,AST,STL,BLK,TOV,PTS,Salary
Quincy Acy,PF,10,0,12.3,2.5,0.8,0.1,0.4,0.4,1.7,213948
Jaylen Adams,PG,34,1,12.6,1.8,1.9,0.4,0.1,0.8,3.2,236854
Steven Adams,C,80,80,33.4,9.5,1.6,1.5,1,1.7,13.9,24157304
Bam Adebayo,C,82,28,23.3,7.3,2.2,0.9,0.8,1.5,8.9,2955840
Deng Adel,SF,19,3,10.2,1,0.3,0.1,0.2,0.3,1.7,77250
DeVaughn Akoon-Purcell,SG,7,0,3.1,0.6,0.9,0.3,0,0.3,1,77250
LaMarcus Aldridge,C,81,81,33.2,9.2,2.4,0.5,1.3,1.8,21.3,22347015
Rawle Alkins,SG,10,1,12,2.6,1.3,0.1,0,0.8,3.7,77250
Grayson Allen,SG,38,2,10.9,0.6,0.7,0.2,0.2,0.9,5.6,2076960
Jarrett Allen,C,80,80,26.2,8.4,1.4,0.5,1.5,1.3,10.9,2034120
Kadeem Allen,PG,19,1,21.9,2.7,4,0.8,0.2,1.4,9.9,77250
Al-Farouq Aminu,PF,81,81,28.3,7.5,1.3,0.8,0.4,0.9,9.4,6957105
Justin Anderson,SF,48,4,9.6,1.8,0.5,0.5,0.3,0.5,3.7,2516047
Kyle Anderson,SF,43,40,29.8,5.8,3,1.3,0.9,1.3,8,8641000
Ryan Anderson,PF,25,8,12.9,2.2,0.8,0.2,0,0.6,2.5,20421546
Ike Anigbogu,C,3,0,2,1,0.3,0,0.3,0.3,0,1349383
Giannis Antetokounmpo,PF,72,72,32.8,12.5,5.9,1.3,1.5,3.7,27.7,24157304
Kostas Antetokounmpo,PF,2,0,5.5,0.5,0,1,0,0.5,1,77250
Carmelo Anthony,PF,10,2,29.4,5.4,0.5,0.4,0.7,0.8,13.4,2393887
OG Anunoby,SF,67,6,20.2,2.9,0.7,0.7,0.3,0.8,7,1952760
Ryan Arcidiacono,PG,81,32,24.2,2.7,3.3,0.8,0,0.8,6.7,1349383
Trevor Ariza,SF,69,69,34,5.4,3.7,1.3,0.3,1.5,12.5,15000000
Deandre Ayton,C,71,70,30.7,10.3,1.8,0.9,0.9,1.8,16.3,8175840
Dwayne Bacon,SG,43,13,17.7,2.1,1.1,0.3,0.1,0.4,7.3,1378242
Ron Baker,SG,15,0,10.1,0.7,1,0.4,0.1,0.3,0.9,4697823
Wade Baldwin,PG,16,0,5.9,0.9,0.8,0.1,0.1,0.9,1.9,1544951
Lonzo Ball,PG,47,45,30.3,5.3,5.4,1.5,0.4,2.2,9.9,7461960
Mo Bamba,C,47,1,16.3,5,0.8,0.3,1.4,0.9,6.2,4871280
Harrison Barnes,PF-SF,77,77,32.9,4.7,1.5,0.6,0.2,1.3,16.4,24107258
Will Barton,SF,43,38,27.7,4.6,2.9,0.4,0.5,1.5,11.5,11830358
Keita Bates-Diop,SF,30,3,16.8,2.8,0.6,0.6,0.5,0.5,5,838464
Nicolas Batum,SF,75,72,31.4,5.2,3.3,0.9,0.6,1.6,9.3,24000000
Jerryd Bayless,PG,34,6,19.3,1.8,3.5,0.5,0.1,0.9,6.1,8575916
Aron Baynes,C,51,18,16.1,4.7,1.1,0.2,0.7,0.8,5.6,5193600
Kent Bazemore,SG,67,35,24.5,3.9,2.3,1.3,0.6,1.8,11.6,18089888
Bradley Beal,SG,82,82,36.9,5,5.5,1.5,0.7,2.7,25.6,25434262
Malik Beasley,SG,81,18,23.2,2.5,1.2,0.7,0.1,0.7,11.3,1773840
Michael Beasley,PF,26,2,10.7,2.3,1,0.3,0.4,1,7,3500000
Marco Belinelli,SG,79,1,23,2.5,1.7,0.4,0.1,0.9,10.5,6153846
Jordan Bell,C,68,3,11.6,2.7,1.1,0.3,0.8,0.6,3.3,1378242
Dragan Bender,PF,46,27,18,4,1.2,0.4,0.5,0.8,5,4661280
Patrick Beverley,PG,78,49,27.4,5,3.8,0.9,0.6,1.1,7.6,5027028
Khem Birch,C,50,1,12.9,3.8,0.8,0.4,0.6,0.4,4.8,1378242
Bismack Biyombo,C,54,32,14.5,4.6,0.6,0.2,0.8,0.6,4.4,17000000
Nemanja Bjelica,PF,77,70,23.2,5.8,1.9,0.7,0.7,1.1,9.6,6500000
Antonio Blakeney,SG,57,3,14.5,1.9,0.7,0.2,0.2,0.6,7.3,1349383
Eric Bledsoe,PG,78,78,29.1,4.6,5.5,1.5,0.4,2.1,15.9,15000000
Jaron Blossomgame,SF,27,4,16.3,3.6,0.5,0.3,0.3,0.4,4.2,77250
Andrew Bogut,C,11,5,12.2,5,1,0.3,0.7,0.7,3.5,486892
Jonah Bolden,PF,44,10,14.5,3.8,0.9,0.4,0.9,0.8,4.7,1690000
Isaac Bonga,PG,22,0,5.5,1.1,0.7,0.4,0.2,0.3,0.9,1000000
Devin Booker,SG,64,64,35,4.1,6.8,0.9,0.2,4.1,26.6,3314365
Chris Boucher,PF,28,0,5.8,2,0.1,0.2,0.9,0.3,3.3,457418
Avery Bradley,SG,63,63,30.2,2.8,2.4,0.7,0.3,1.4,9.9,12000000
Tony Bradley,C,3,0,12,5,0.3,0.7,0.7,1,5.7,1679520
Corey Brewer,SF,31,3,15.9,2.5,1.3,1,0.2,0.6,4.9,2559925
Mikal Bridges,SF,82,56,29.5,3.2,2.1,1.6,0.5,0.9,8.3,3557400
Miles Bridges,SF,80,25,21.2,4,1.2,0.7,0.6,0.6,7.5,3206640
Isaiah Briscoe,PG,39,0,14.3,1.9,2.2,0.3,0.1,0.8,3.5,838464
Ryan Broekhoff,SG,42,0,10.8,1.5,0.5,0.1,0.1,0.4,4,838464
Malcolm Brogdon,SG,64,64,28.6,4.5,3.2,0.7,0.2,1.4,15.6,1544951
Dillon Brooks,SF,18,0,18.3,1.7,0.9,0.6,0.2,1.1,7.5,1378242
MarShon Brooks,SG,29,0,13.3,1.6,0.9,0.3,0.1,0.7,6.6,1656092
Bruce Brown,SG,74,56,19.6,2.5,1.2,0.5,0.5,0.6,4.3,838464
Jaylen Brown,SG,74,25,25.9,4.2,1.4,0.9,0.4,1.3,13,5169960
Lorenzo Brown,PG,26,0,8.2,1.2,1.1,0.5,0.2,0.6,2.1,800000
Sterling Brown,SG,58,7,17.8,3.2,1.4,0.4,0.1,0.8,6.4,1378242
Jalen Brunson,PG,73,38,21.8,2.3,3.2,0.5,0.1,1.2,9.3,1230000
Thomas Bryant,C,72,53,20.8,6.3,1.3,0.3,0.9,0.8,10.5,1378242
Reggie Bullock,SG,63,60,29.8,2.7,2,0.6,0.2,1,11.3,2500000
Trey Burke,PG,58,8,19.4,1.7,2.7,0.6,0.1,0.8,10.9,1795015
Alec Burks,SG,64,24,21.5,3.7,2,0.6,0.3,1,8.8,11536515
Deonte Burton,SG,32,0,7.5,0.9,0.3,0.2,0.3,0.3,2.6,500000
Jimmy Butler,SF-SG,65,65,33.6,5.3,4,1.9,0.6,1.5,18.7,19841627
Bruno Caboclo,PF,34,19,23.5,4.6,1.5,0.4,1,1.1,8.3,705361
Kentavious Caldwell-Pope,SG,82,23,24.8,2.9,1.3,0.9,0.2,0.8,11.4,12000000
Isaiah Canaan,PG,30,16,21,1.9,2.8,0.5,0.1,1.2,6,744671
Clint Capela,C,67,67,33.6,12.7,1.4,0.7,1.5,1.4,16.6,15793104
DeMarre Carroll,PF,67,8,25.4,5.2,1.3,0.5,0.1,1.1,11.1,15400000
Jevon Carter,PG,39,3,14.8,1.7,1.8,0.7,0.3,0.8,4.4,838464
Vince Carter,PF,76,9,17.5,2.6,1.1,0.6,0.4,0.6,7.4,2393887
Michael Carter-Williams,PG,28,1,13.3,2.5,2.5,0.7,0.5,0.7,4.8,1468082
Alex Caruso,PG,25,4,21.2,2.7,3.1,1,0.4,1.7,9.2,77250
Omri Casspi,SF,36,0,14.4,3.2,0.7,0.6,0.3,0.6,6.3,2176260
Willie Cauley-Stein,C,81,81,27.3,8.4,2.4,1.2,0.6,1,11.9,4696874
Troy Caupain,PG,4,0,4,0.8,1,0.3,0,0,2.5,77250
Tyler Cavanaugh,PF,11,0,3.5,0.7,0.1,0,0,0.1,0.8,77250
Tyson Chandler,C,55,6,15.9,5.6,0.7,0.4,0.4,0.8,3.1,13585000
Wilson Chandler,PF-SF,51,33,23.1,4.2,1.6,0.5,0.4,0.9,6,12800562
Joe Chealey,PG,1,0,8,0,1,0,0,0,2,77250
Chris Chiozza,PG,7,0,4.7,0.6,0.6,0.1,0.1,0.1,0.9,137374
Marquese Chriss,PF,43,2,11.6,3.3,0.5,0.4,0.3,0.8,4.2,3206160
Gary Clark,PF,51,2,12.6,2.3,0.4,0.4,0.5,0.1,2.9,674122
Ian Clark,SG,60,6,16.2,1.5,1.6,0.4,0.1,1,6.7,1757429
Jordan Clarkson,SG,81,0,27.3,3.3,2.4,0.7,0.2,1.7,16.8,12500000
John Collins,PF,61,59,30,9.8,2,0.4,0.6,2,19.5,2299080
Zach Collins,C,77,0,17.6,4.2,0.9,0.3,0.9,1,6.6,3628920
Darren Collison,PG,76,76,28.2,3.1,6,1.4,0.1,1.6,11.2,10000000
Bonzie Colson,SF,8,2,12.3,3.8,0.4,0.6,0.1,0.4,4.9,77250
Mike Conley,PG,70,70,33.5,3.4,6.4,1.3,0.3,1.9,21.1,30521115
Pat Connaughton,SG,61,2,20.7,4.2,2,0.5,0.4,0.5,6.9,1641000
Quinn Cook,PG,74,10,14.3,2.1,1.6,0.3,0,0.7,6.9,1544951
DeMarcus Cousins,C,30,30,25.7,8.2,3.6,1.3,1.5,2.4,16.3,5337000
Robert Covington,SF,35,35,34.4,5.5,1.3,2.1,1.3,1.3,13.3,10464092
Allen Crabbe,SG,43,20,26.3,3.4,1.1,0.5,0.3,1.1,9.6,19332500
Torrey Craig,SF,75,37,20,3.5,1,0.5,0.6,0.6,5.7,2000000
Jamal Crawford,SG,64,0,18.9,1.3,3.6,0.5,0.2,1.5,7.9,4698113
Mitch Creek,SF,5,0,9.6,2.4,1.2,0.4,0,0.2,4.2,56845
Jae Crowder,SF,80,11,27.1,4.8,1.7,0.8,0.4,1.1,11.9,7305825
Dante Cunningham,PF,64,21,14.5,2.9,0.8,0.4,0.2,0.3,3,2487000
Seth Curry,SG,74,2,18.9,1.6,0.9,0.5,0.2,0.8,7.9,2795000
Stephen Curry,PG,69,69,33.8,5.3,5.2,1.3,0.4,2.8,27.3,37457154
Troy Daniels,SG,51,1,14.9,1.4,0.5,0.5,0.1,0.5,6.2,3258539
Anthony Davis,C,56,56,33,12,3.9,1.6,2.4,2,25.9,25434263
Deyonta Davis,C,9,0,13.1,4,0.6,0.3,0.6,0.3,4,1741503
Ed Davis,C,81,1,17.9,8.6,0.8,0.4,0.4,0.8,5.8,4449000
Tyler Davis,C,1,0,1,1,0,0,0,0,0,77250
Dewayne Dedmon,C,64,52,25.1,7.5,1.4,1.1,1.1,1.3,10.8,6300000
Sam Dekker,PF,47,5,16.8,3.1,1,0.8,0.1,0.5,6.1,2760094
Matthew Dellavedova,PG,48,0,16.9,1.6,3.8,0.3,0,1.4,5.9,9607500
Luol Deng,SF,22,2,17.8,3.3,0.8,0.7,0.4,0.6,7.1,16747954
DeMar DeRozan,SG,77,77,34.9,6,6.2,1.1,0.5,2.6,21.2,27739975
Marcus Derrickson,PF,11,0,6.1,1.2,0.1,0,0.1,0.3,4.2,77250
Cheick Diallo,PF,64,1,14,5.2,0.5,0.5,0.5,0.8,6,1544951
Hamidou Diallo,SG,51,3,10.3,1.9,0.3,0.4,0.2,0.5,3.7,838464
Gorgui Dieng,C,76,2,13.6,4.1,0.9,0.6,0.5,0.8,6.4,15170787
Spencer Dinwiddie,PG,68,4,28.1,2.4,4.6,0.6,0.3,2.2,16.8,1656092
Donte DiVincenzo,SG,27,0,15.2,2.4,1.1,0.5,0.2,0.7,4.9,2484360
Tyler Dorsey,SG,48,11,14.5,2.4,1.2,0.3,0,0.6,6.2,1378242
Damyean Dotson,SG,73,40,27.5,3.6,1.8,0.8,0.1,1,10.7,1378242
PJ Dozier,SG,6,0,8.5,2.8,0.8,0.3,0,0,3.2,77250
Andre Drummond,C,79,79,33.5,15.6,1.4,1.7,1.7,2.2,17.3,25434262
Jared Dudley,PF,59,25,20.7,2.6,1.4,0.6,0.3,0.7,4.9,9530000
Kris Dunn,PG,46,44,30.2,4.1,6,1.5,0.5,2.3,11.3,4221000
Kevin Durant,SF,78,78,34.6,6.4,5.9,0.7,1.1,2.9,26,30000000
Trevon Duval,PG,3,0,2,0.3,0.7,0,0,0,1.7,77250
Henry Ellenson,PF,19,0,13.6,3.5,0.8,0.4,0.1,0.5,6,2199311
Wayne Ellington,SG,53,38,24.5,2,1.4,1,0.1,0.8,10.3,8653076
Joel Embiid,C,64,64,33.7,13.6,3.7,0.7,1.9,3.5,27.5,25467250
James Ennis,SF,58,27,21.2,3.1,0.7,0.7,0.4,0.6,6.7,1621415
Drew Eubanks,PF,23,0,4.9,1.5,0.3,0.1,0.2,0.3,1.8,77250
Jacob Evans,SG,30,1,6.8,0.8,0.8,0.2,0.1,0.4,1.3,1646400
Jawun Evans,PG,8,0,8.1,1.5,1.3,0.4,0,0.8,0.8,1455492
Tyreke Evans,SG,69,18,20.3,2.9,2.4,0.8,0.3,1.7,10.2,12400000
Dante Exum,PG,42,1,15.8,1.6,2.6,0.3,0.1,1.2,6.9,10600000
Kenneth Faried,C,37,13,19.7,6.8,0.5,0.5,0.6,0.9,10.4,14242782
Derrick Favors,C,76,70,23.2,7.4,1.2,0.7,1.4,1.1,11.8,16900000
Raymond Felton,PG,33,0,11.5,1,1.6,0.3,0.2,0.4,4.3,2393887
Terrance Ferguson,SG,74,74,26.1,1.9,1,0.5,0.2,0.6,6.9,2118840
Yogi Ferrell,PG,71,3,15,1.5,1.9,0.5,0.1,0.6,5.9,3000000
Dorian Finney-Smith,SF,81,26,24.5,4.8,1.2,0.9,0.4,0.9,7.5,1544951
Bryn Forbes,SG,82,81,28,2.9,2.1,0.5,0,1,11.8,3125000
Evan Fournier,SG,81,81,31.5,3.2,3.6,0.9,0.1,1.9,15.1,17000000
De'Aaron Fox,PG,81,81,31.4,3.8,7.3,1.6,0.6,2.8,17.3,5470920
Melvin Frazier,SG,10,0,4.4,0.5,0.1,0.1,0,0.1,1.5,1050000
Tim Frazier,PG,59,19,19,2.8,4.2,0.5,0.1,1.3,5.3,1832107
Jimmer Fredette,SG,6,0,10.8,1.2,1.3,0.5,0,0.8,3.7,198579
Channing Frye,C,36,6,9.5,1.4,0.6,0.2,0.1,0.4,3.6,2393887
Markelle Fultz,SG,19,15,22.5,3.7,3.1,0.9,0.3,1.3,8.2,8339880
Danilo Gallinari,SF,68,68,30.3,6.1,2.6,0.7,0.3,1.5,19.8,21587579
Langston Galloway,SG,80,4,21.8,2.1,1.1,0.5,0.1,0.3,8.4,7000000
Billy Garrett,SG,4,0,15.8,0.8,1.8,0.3,0.3,0.5,6.5,67370
Marc Gasol,C,79,72,30.8,7.9,4.4,1.1,1.1,2,13.6,24119025
Pau Gasol,C,30,6,12,4.6,1.7,0.2,0.5,0.5,3.9,17133285
Rudy Gay,PF,69,51,26.7,6.8,2.6,0.8,0.5,1.7,13.7,10087200
Paul George,SF,77,77,36.9,8.2,4.1,2.2,0.4,2.7,28,30560700
Taj Gibson,PF,70,57,24.1,6.5,1.2,0.8,0.6,1,10.8,14000000
Harry Giles,PF,58,0,14.1,3.8,1.5,0.5,0.4,1.3,7,2207040
Shai Gilgeous-Alexander,PG,82,73,26.5,2.8,3.3,1.2,0.5,1.7,10.8,3375360
Rudy Gobert,C,81,80,31.8,12.9,2,0.8,2.3,1.6,15.9,23491573
Brandon Goodwin,PG,16,0,3.6,0.2,0.9,0,0,0.2,1.4,56845
Aaron Gordon,PF,78,78,33.8,7.4,3.7,0.7,0.7,2.1,16,21590909
Eric Gordon,SG,68,53,31.7,2.2,1.9,0.6,0.4,1.3,16.2,13500375
Marcin Gortat,C,47,43,16,5.6,1.4,0.1,0.5,1.1,5,13565218
Treveon Graham,SG,35,21,20.4,3.1,1,0.4,0.2,0.5,5.3,1512601
Jerami Grant,PF,80,77,32.7,5.2,1,0.8,1.3,0.8,13.6,8333333
Jerian Grant,PG,60,1,15.7,1.6,2.6,0.7,0.1,0.9,4.2,2639313
Donte Grantham,SF,3,0,0.7,0,0,0,0,0,0,77250
Danny Green,SG,80,80,27.7,4,1.6,0.9,0.7,0.9,10.3,10000000
Draymond Green,PF,66,66,31.3,7.3,6.9,1.4,1.1,2.6,7.4,17469565
Gerald Green,SG,73,0,20.2,2.5,0.5,0.5,0.4,0.8,9.2,1512601
JaMychal Green,PF,65,6,21.1,6.3,0.8,0.7,0.5,1.3,9.4,8066667
Jeff Green,PF,77,44,27.2,4,1.8,0.6,0.5,1.3,12.3,2393887
Blake Griffin,PF,75,75,35,7.5,5.4,0.7,0.4,3.4,24.5,31873932
Daniel Hamilton,SG,19,3,10.7,2.5,1.2,0.3,0.1,0.8,3,1349383
Dusty Hannahs,SG,2,0,13,0.5,2.5,0.5,0,0.5,4,47370
James Harden,PG,78,78,36.8,6.6,7.5,2,0.7,5,36.1,30570000
Montrezl Harrell,C,82,5,26.3,6.5,2,0.9,1.3,1.6,16.6,6000000
Devin Harris,PG,68,2,15.8,1.6,1.8,0.5,0.2,0.8,6.3,2393887
Gary Harris,SG,57,48,28.8,2.8,2.2,1,0.3,1.2,12.9,16517857
Joe Harris,SG,76,76,30.2,3.8,2.4,0.5,0.2,1.6,13.7,8333333
Tobias Harris,PF,82,82,34.7,7.9,2.8,0.6,0.5,1.8,20,14800000
Andrew Harrison,PG,17,0,11,1.2,1.4,0.2,0.1,0.7,3.2,354500
Shaquille Harrison,SG,73,11,19.6,3,1.9,1.2,0.4,0.8,6.5,1325531
Josh Hart,SG,67,22,25.6,3.7,1.4,1,0.6,0.9,7.8,1655160
Isaiah Hartenstein,PF,28,0,7.9,1.7,0.5,0.3,0.4,0.5,1.9,838464
Udonis Haslem,C,10,1,7.4,2.7,0.2,0,0,0.3,2.5,2393887
Gordon Hayward,PF,72,18,25.9,4.5,3.4,0.9,0.3,1.5,11.5,31214295
John Henson,C,14,0,13.4,5.1,1,0.5,0.8,0.9,5.6,10577466
Mario Hezonja,SF,58,24,20.8,4.1,1.5,1,0.1,1.5,8.8,6500000
Isaiah Hicks,PF,3,0,10.7,2.3,0.7,0.3,1,0.3,4,77250
Buddy Hield,SG,82,82,31.9,5,2.5,0.7,0.4,1.8,20.7,3833760
Haywood Highsmith,SF,5,0,8,1,0.4,0.2,0,0.2,1.8,77250
Nenê,C,42,2,13,2.9,0.6,0.4,0.4,0.3,3.6,3651480
George Hill,PG,60,13,21.7,2.5,2.3,0.9,0.1,0.9,7.6,19000000
Solomon Hill,SF,44,15,20,3,1.3,0.5,0.2,0.7,4.3,12763467
Aaron Holiday,PG,50,0,12.9,1.3,1.7,0.4,0.3,0.8,5.9,1914480
Jrue Holiday,SG,67,67,35.9,5,7.7,1.6,0.8,3.1,21.2,26641111
Justin Holiday,SG,82,77,31.8,3.9,1.8,1.5,0.4,1.3,10.5,4500000
John Holland,SF,1,0,1,0,0,0,0,0,0,77250
Rondae Hollis-Jefferson,SF,59,21,20.9,5.3,1.6,0.7,0.5,1.2,8.9,2470356
Richaun Holmes,C,70,4,16.9,4.7,0.9,0.6,1.1,0.7,8.2,1600520
Rodney Hood,SG,72,49,26.3,2.2,1.8,0.8,0.2,0.8,11.2,3472887
Al Horford,C,68,68,29,6.7,4.2,0.9,1.3,1.5,13.6,28928710
Danuel House,SF,39,13,25.1,3.6,1,0.5,0.3,0.9,9.4,247827
Dwight Howard,C,9,9,25.6,9.2,0.4,0.8,0.4,1.8,12.8,24256725
Kevin Huerter,SG,75,59,27.3,3.3,2.9,0.9,0.3,1.5,9.7,2250960
Isaac Humphries,C,5,1,11.2,2.2,0,0.2,0,0,3,47370
Chandler Hutchison,SF,44,14,20.3,4.2,0.8,0.5,0.1,0.6,5.2,1991520
Serge Ibaka,C,74,51,27.2,8.1,1.3,0.4,1.4,1.5,15,21666667
Andre Iguodala,SF,68,13,23.2,3.7,3.2,0.9,0.8,0.8,5.7,16000000
Joe Ingles,PF,82,82,31.3,4,5.7,1.2,0.2,2.4,12.1,12545455
Andre Ingram,SG,4,0,3.8,0.5,0,0.3,0,0.3,0,76236
Brandon Ingram,SF,52,52,33.8,5.1,3,0.5,0.6,2.5,18.3,5757120
Kyrie Irving,PG,67,67,33,5,6.9,1.5,0.5,2.6,23.8,20099189
Jonathan Isaac,PF,75,64,26.6,5.5,1.1,0.8,1.3,1,9.6,4969080
Wesley Iwundu,SF,68,13,18.1,2.7,1.1,0.4,0.3,0.6,5,1378242
Demetrius Jackson,PG,6,0,6.5,0.5,0.8,0.3,0,0.2,3.7,170107
Frank Jackson,PG,61,16,19.2,2.2,1.1,0.4,0,0.8,8.1,1378242
Josh Jackson,SG,79,29,25.2,4.4,2.3,0.9,0.7,2.2,11.5,6041520
Justin Jackson,SF,81,14,19.9,2.6,1.2,0.4,0.2,0.4,7.2,2807880
Reggie Jackson,PG,82,82,27.9,2.6,4.2,0.7,0.1,1.8,15.4,17043478
LeBron James,SF,55,55,35.2,8.5,8.3,1.3,0.6,3.6,27.4,35654150
Amile Jefferson,PF,12,0,5.7,1.8,0.3,0.3,0.3,0.1,2.3,77250
John Jenkins,SG,26,0,12.8,1.4,0.8,0,0.1,0.3,4.7,585809
Jonas Jerebko,PF,73,6,16.7,3.9,1.3,0.4,0.2,0.6,6.3,2165481
Alize Johnson,PF,14,0,4.6,1.4,0.1,0.1,0.2,0,0.9,838464
Amir Johnson,C,51,6,10.4,2.9,1.2,0.3,0.3,0.9,3.9,2393887
James Johnson,PF,55,33,21.2,3.2,2.5,0.6,0.5,1.3,7.8,14420700
Stanley Johnson,SF,66,7,18.3,3.3,1.3,0.9,0.2,1.2,6.9,3940401
Tyler Johnson,PG,57,22,26.8,3,2.9,0.9,0.5,1.4,10.9,19245370
Wesley Johnson,SF,38,13,14.1,1.9,0.6,0.4,0.3,0.5,3.4,6134000
Damian Jones,C,24,22,17.1,3.1,1.2,0.5,1,0.7,5.4,1544951
Jalen Jones,SF,16,0,13.4,2.1,0.4,0.6,0.1,0.5,5.1,77250
Jemerrio Jones,SF,6,2,23.8,8.2,2.2,1.2,0.8,0.8,4.5,52170
Terrence Jones,PF,2,0,2.5,2,0,0,0,0.5,1,198579
Tyus Jones,PG,68,23,22.9,2,4.8,1.2,0.1,0.7,6.9,2444052
DeAndre Jordan,C,69,69,29.7,13.1,2.3,0.6,1.1,2.2,11,22897200
Cory Joseph,PG,82,9,25.2,3.4,3.9,1.1,0.3,1,6.5,7945000
Frank Kaminsky,C,47,0,16.1,3.5,1.3,0.3,0.3,0.9,8.6,3627842
Enes Kanter,C,67,31,24.5,9.8,1.7,0.5,0.4,1.8,13.7,19264603
Luke Kennard,SG,63,10,22.8,2.9,1.8,0.4,0.2,0.9,9.7,3275280
Michael Kidd-Gilchrist,PF,64,3,18.4,3.8,1,0.5,0.6,0.7,6.7,13000000
George King,SF,1,0,6,1,0,0,0,0,0,77250
Maxi Kleber,PF,71,18,21.2,4.6,1,0.5,1.1,0.8,6.8,1378242
Brandon Knight,PG,39,26,18.9,1.5,1.8,0.5,0.1,0.8,6.8,14631250
Kevin Knox,PF,75,57,28.8,4.5,1.1,0.6,0.3,1.5,12.8,3744840
Furkan Korkmaz,SG,48,7,14.1,2.2,1.1,0.6,0,0.5,5.8,1740000
Luke Kornet,PF,46,18,17,2.9,1.2,0.6,0.9,0.5,7,1619260
Kyle Korver,SG-PF,70,0,19.1,2.3,1.2,0.4,0.2,0.8,8.6,7560000
Kosta Koufos,C,42,1,12,4.2,0.9,0.4,0.4,0.6,3.7,8739500
Rodions Kurucs,SF,63,46,20.5,3.9,0.8,0.7,0.4,1.2,8.5,1690000
Kyle Kuzma,PF,70,68,33.1,5.5,2.5,0.6,0.4,1.9,18.7,1689840
Jeremy Lamb,SG,79,55,28.5,5.5,2.2,1.1,0.4,1,15.3,7000000
Zach LaVine,SG,63,62,34.5,4.7,4.5,1,0.4,3.4,23.7,19500000
Jake Layman,SF,71,33,18.7,3.1,0.7,0.4,0.4,0.6,7.6,1544951
Courtney Lee,SG,34,6,12.6,1.6,1.1,0.6,0.1,0.4,4,12253780
Damion Lee,SG,32,0,11.7,2,0.4,0.4,0,0.3,4.9,77250
Alex Len,C,77,31,20.1,5.5,1.1,0.4,0.9,1.3,11.1,4350000
Kawhi Leonard,SF,60,60,34,7.3,3.3,1.8,0.4,2,26.6,23114066
Meyers Leonard,C,61,2,14.4,3.8,1.2,0.2,0.1,0.7,5.9,10595506
Jon Leuer,PF,41,1,9.8,2.4,0.3,0.3,0.1,0.6,3.8,10002681
Caris LeVert,SF,40,25,26.6,3.8,3.9,1.1,0.4,1.7,13.7,1702800
Damian Lillard,PG,80,80,35.5,4.6,6.9,1.1,0.4,2.7,25.8,27977689
Jeremy Lin,PG,74,4,19.4,2.4,3.1,0.6,0.2,1.7,9.6,12516746
Shaun Livingston,PG,64,0,15.1,1.8,1.8,0.5,0.4,0.6,4,8307692
Zach Lofton,SG,1,0,4,0,0,1,0,1,0,77250
Kevon Looney,C,80,24,18.5,5.2,1.5,0.6,0.7,0.6,6.3,1567007
Brook Lopez,C,81,81,28.7,4.9,1.2,0.6,2.2,1,12.5,3382000
Robin Lopez,C,74,36,21.7,3.9,1.2,0.1,1.1,1.3,9.5,14357750
Kevin Love,PF,22,21,27.2,10.9,2.2,0.3,0.2,1.9,17,24119025
Kyle Lowry,PG,65,65,34,4.8,8.7,1.4,0.5,2.8,14.2,32700000
Jordan Loyd,PG,12,0,4.6,0.8,0.5,0,0,0.2,2.4,77250
Kalin Lucas,PG,1,0,6,3,1,0,0,0,2,648008
Tyler Lydon,PF,25,0,3.8,0.7,0.2,0.1,0,0.2,0.9,1874640
Trey Lyles,PF,64,2,17.5,3.8,1.4,0.5,0.4,1.1,8.5,3364249
Scott Machado,PG,4,0,4.8,0,0.8,0.3,0,0,2.5,76236
Shelvin Mack,PG,57,3,21.9,1.8,3.2,0.8,0.1,1.2,7.5,2512601
Daryl Macon,SG,8,0,11.3,1.5,0.9,0.1,0,0.8,3.6,77250
Ian Mahinmi,C,34,6,14.6,3.8,0.7,0.7,0.5,0.6,4.1,16000000
Thon Maker,C-PF,64,5,15.2,3.2,0.7,0.3,0.8,0.5,5,2799720
Lauri Markkanen,PF,52,51,32.3,9,1.4,0.7,0.6,1.6,18.7,4536120
Jarell Martin,PF,42,1,7.8,1.7,0.4,0.1,0.2,0.3,2.7,2416221
Yante Maten,PF,2,0,6.5,1.5,0,0.5,0,0,1,385000
Wesley Matthews,SF-SG,69,68,30.3,2.5,2.3,0.8,0.2,1.3,12.2,19360228
Luc Mbah a Moute,PF,4,0,15.3,1.8,0.5,0.3,0.3,0.5,5,4320500
Tahjere McCall,SG,1,0,8,1,0,0,0,0,4,47370
Patrick McCaw,SG,29,1,13.7,1.7,1,0.8,0.1,0.6,2.6,964104
CJ McCollum,SG,70,70,33.9,4,3,0.8,0.4,1.5,21,25759766
Doug McDermott,SF,77,1,17.4,1.4,0.9,0.2,0.1,0.5,7.3,7333334
JaVale McGee,C,75,62,22.3,7.5,0.7,0.6,2,1.4,12,2393887
Rodney McGruder,SG,66,45,23.5,3.6,1.7,0.5,0.2,1,7.6,1544951
Alfonzo McKinnie,SF,72,5,13.9,3.4,0.4,0.3,0.2,0.4,4.7,1349383
Ben McLemore,SG,19,0,8.3,0.9,0.2,0.3,0.2,0.3,3.9,5460000
Jordan McRae,SG,27,0,12.3,1.5,1.1,0.5,0.3,0.6,5.9,77250
Jodie Meeks,SG,8,0,13,1.5,1,0.1,0.1,0.3,6.4,3774176
Salah Mejri,C,36,4,11.1,3.6,1,0.3,0.7,0.6,3.9,2098196
De'Anthony Melton,PG,50,31,19.7,2.7,3.2,1.4,0.5,1.5,5,949000
Chimezie Metu,PF,29,0,5,1.2,0.4,0.2,0.1,0.5,1.8,838464
Khris Middleton,SF,77,77,31.1,6,4.3,1,0.1,2.3,18.3,13000000
Darius Miller,SF,69,15,25.5,1.9,2.1,0.6,0.3,0.9,8.2,2205000
Malcolm Miller,SF,10,0,6.7,0.5,0.1,0.1,0.1,0.1,3.5,457418
Paul Millsap,PF,70,65,27.1,7.2,2,1.2,0.8,1.4,12.6,29230769
Shake Milton,SG,20,0,13.4,1.8,0.9,0.4,0.4,0.3,4.4,77250
Donovan Mitchell,SG,77,77,33.7,4.1,4.2,1.4,0.4,2.8,23.8,3111480
Malik Monk,SG,73,0,17.2,1.9,1.6,0.5,0.3,1.2,8.9,3447480
Greg Monroe,C,43,2,11.2,4,0.6,0.3,0.2,0.7,5.3,2410167
E'Twaun Moore,SG,53,36,27.6,2.4,1.9,0.8,0.2,1.1,11.9,8808685
Eric Moreland,PF,5,0,8.6,4,0.8,0.2,0.2,1,1.4,309859
Jaylen Morris,SG,4,0,7.3,1.3,1,0.5,0,0.3,2.5,77250
Marcus Morris,PF,75,53,27.9,6.1,1.5,0.6,0.3,1.2,13.9,5375000
Markieff Morris,PF,58,16,21.9,4.6,1.4,0.6,0.4,0.9,9.4,9173294
Monte Morris,PG,82,6,24,2.4,3.6,0.9,0,0.6,10.4,1349383
Johnathan Motley,PF,22,0,7.1,2.3,0.5,0.2,0.1,0.7,4.6,77250
Emmanuel Mudiay,PG,59,42,27.2,3.3,3.9,0.7,0.3,2.4,14.8,4294479
Jamal Murray,PG,75,74,32.6,4.2,4.8,0.9,0.4,2.1,18.2,3499800
Mike Muscala,PF,64,10,20.4,3.8,1.2,0.3,0.6,0.8,7,5000000
Sviatoslav Mykhailiuk,SF,42,0,10.5,0.9,0.9,0.3,0,0.5,3.2,1487694
Abdel Nader,SF,61,1,11.4,1.9,0.3,0.3,0.2,0.4,4,1378242
Shabazz Napier,PG,56,2,17.6,1.8,2.6,0.7,0.3,1.2,9.4,1942422
Raul Neto,PG,37,1,12.8,1.7,2.5,0.4,0.1,0.9,5.3,2100000
Georges Niang,PF,59,0,8.7,1.5,0.6,0.2,0.1,0.4,4,1512601
Joakim Noah,C,42,1,16.5,5.7,2.1,0.5,0.7,1.2,7.1,20261172
Nerlens Noel,C,77,2,13.7,4.2,0.6,0.9,1.2,0.6,4.9,1757429
Dirk Nowitzki,PF,51,20,15.6,3.1,0.7,0.2,0.4,0.4,7.3,5000000
Frank Ntilikina,PG,43,16,21,2,2.8,0.7,0.3,1.3,5.7,4155720
James Nunnally,SF,15,0,6.8,0.3,0.5,0.1,0,0.1,2.4,663255
David Nwaba,SF,51,14,19.3,3.2,1.1,0.7,0.3,0.6,6.5,1512601
Royce O'Neale,SF,82,16,20.4,3.5,1.5,0.7,0.3,0.9,5.2,1378242
Kyle O'Quinn,C,45,3,8.2,2.6,1.2,0.2,0.6,0.7,3.5,4449000
Semi Ojeleye,PF,56,3,10.6,1.5,0.4,0.2,0.1,0.3,3.3,1378242
Jahlil Okafor,C,59,24,15.8,4.7,0.7,0.3,0.7,0.9,8.2,1567007
Elie Okobo,PG,53,16,18.1,1.8,2.4,0.6,0.1,1.3,5.7,1238464
Josh Okogie,SG,74,52,23.7,2.9,1.2,1.2,0.4,0.9,7.7,2163600
Victor Oladipo,SG,36,36,31.9,5.6,5.2,1.7,0.3,2.3,18.8,21000000
Kelly Olynyk,PF,79,36,22.9,4.7,1.8,0.7,0.5,1.4,10,13537527
Cedi Osman,SF,76,75,32.2,4.7,2.6,0.8,0.1,1.5,13,2775000
Zaza Pachulia,C,68,3,12.9,3.9,1.3,0.5,0.3,0.8,3.9,2393887
Jabari Parker,PF,64,17,26.9,6.6,2.4,0.7,0.5,2.4,14.5,20000000
Tony Parker,PG,56,0,17.9,1.5,3.7,0.4,0.1,1.3,9.5,5000000
Chandler Parsons,SF,25,3,19.8,2.8,1.7,0.8,0.2,1.3,7.5,24107258
Patrick Patterson,PF,63,5,13.7,2.3,0.5,0.3,0.2,0.3,3.6,5451600
Justin Patton,C,3,0,7,2,1,0.7,0,0,1.7,2667600
Chris Paul,PG,58,58,32,4.6,8.2,2,0.3,2.6,15.6,35654150
Cameron Payne,PG,40,13,17.8,1.8,2.7,0.7,0.2,1.1,6.3,3440356
Elfrid Payton,PG,42,42,29.8,5.2,7.6,1,0.4,2.7,10.6,3000000
Gary Payton II,PG,3,0,5.3,0.7,1.3,1,0.3,0.3,3.7,85457
Theo Pinson,SG,18,0,11.7,2,1.2,0.3,0,1,4.5,77250
Mason Plumlee,C,82,17,21.1,6.4,3,0.8,0.9,1.5,7.8,12917808
Miles Plumlee,C,18,0,9.6,2.2,0.9,0.3,0.2,0.6,4.4,12400000
Jakob Poeltl,C,77,24,16.5,5.3,1.2,0.4,0.9,0.6,5.5,2947320
Quincy Pondexter,SF,53,0,5.5,0.9,0.5,0.2,0,0.2,1.8,2165481
Otto Porter,SF,56,43,30.1,5.6,2.1,1.5,0.6,1.2,13.9,26011913
Bobby Portis,PF,50,28,26,8.1,1.4,0.7,0.4,1.5,14.2,2494346
Dwight Powell,C,77,22,21.6,5.3,1.5,0.6,0.6,0.9,10.6,9631250
Norman Powell,SG,60,3,18.8,2.3,1.5,0.7,0.2,1.1,8.6,9367200
Alex Poythress,PF,21,1,14.5,3.6,0.8,0.2,0.5,0.6,5.1,77250
Taurean Prince,SF,55,47,28.2,3.6,2.1,1,0.3,1.8,13.5,2526840
Zhou Qi,PF,1,0,1,0,0,0,0,0,2,1378242
Ivan Rabb,PF,49,13,14.7,4.2,1.1,0.3,0.3,0.7,5.8,1378242
Chasson Randle,PG,49,2,15.2,1.1,2,0.5,0.1,0.9,5.5,975824
Julius Randle,PF,73,49,30.6,8.7,3.1,0.7,0.6,2.8,21.4,8641000
Davon Reed,SG,10,0,4.7,0.6,0.3,0.1,0,0.1,1.2,752250
Josh Richardson,SG,73,73,34.8,3.6,4.1,1.1,0.5,1.5,16.6,9367200
Malachi Richardson,SG,22,0,4.7,0.6,0,0,0,0.4,1.4,1569360
Austin Rivers,SG,76,15,26.7,2.1,2.2,0.6,0.3,0.9,8.1,13155324
Devin Robinson,SF,7,0,13.6,2.9,0.9,0.6,0.9,0.3,6.7,77250
Duncan Robinson,SF,15,1,10.7,1.3,0.3,0.3,0,0.3,3.3,77250
Glenn Robinson III,SF,47,18,13,1.5,0.4,0.3,0.2,0.4,4.2,4075000
Jerome Robinson,SG,33,0,9.7,1.2,0.6,0.3,0.1,0.4,3.4,3050160
Mitchell Robinson,C,66,19,20.6,6.4,0.6,0.8,2.4,0.5,7.3,1485440
Rajon Rondo,PG,46,29,29.8,5.3,8,1.2,0.2,2.8,9.2,9000000
Derrick Rose,PG,51,13,27.3,2.7,4.3,0.6,0.2,1.6,18,2176260
Terrence Ross,SG,81,0,26.5,3.5,1.7,0.9,0.4,1.1,15.1,10500000
Terry Rozier,PG,79,14,22.7,3.9,2.9,0.9,0.3,0.9,9,3050389
Ricky Rubio,PG,68,67,27.9,3.6,6.1,1.3,0.1,2.6,12.7,14800000
D'Angelo Russell,PG,81,81,30.2,3.9,7,1.2,0.2,3.1,21.1,7019698
Domantas Sabonis,C,74,5,24.8,9.3,2.9,0.6,0.4,2.2,14.1,2659800
Brandon Sampson,SG,14,2,15.3,1.1,0.7,0.6,0.2,0.9,5.1,77250
JaKarr Sampson,SF,4,0,31.8,8,1,1,0.8,1,20,85457
Mike Scott,PF,79,3,17.7,3.5,0.8,0.3,0.2,0.6,5.8,4320500
Thabo Sefolosha,SF,50,2,12.2,2.5,0.5,0.9,0.1,0.5,3.8,5250000
Wayne Selden,SG,75,13,19.2,2.4,1.5,0.4,0.2,1.1,6.9,1544951
Collin Sexton,PG,82,72,31.8,2.9,3,0.5,0.1,2.3,16.7,4073760
Landry Shamet,SG,79,27,22.8,1.7,1.5,0.5,0.1,0.6,9.1,1705920
Iman Shumpert,SG,62,41,23.9,3,1.8,1,0.4,0.8,7.5,11011234
Pascal Siakam,PF,80,79,31.9,6.9,3.1,0.9,0.7,1.9,16.9,1544951
Jordan Sibert,SG,1,0,4,0,0,0,0,0,3,47370
Ben Simmons,PG,79,79,34.2,8.8,7.7,1.4,0.8,3.5,16.9,6434520
Jonathon Simmons,SG-SF,56,9,19,2.3,2.3,0.5,0.3,1.2,6.5,6000000
Kobi Simmons,PG,1,0,2,0,0,0,0,0,0,76236
Anfernee Simons,SG,20,1,7.1,0.7,0.7,0.1,0,0.6,3.8,1837800
Marcus Smart,SG,80,60,27.5,2.9,4,1.8,0.4,1.5,8.9,11160716
Jason Smith,C-PF,20,1,9.5,2.6,0.7,0.2,0.4,0.7,3.3,5450000
Zhaire Smith,SG,6,2,18.5,2.2,1.7,0.3,0.3,1,6.7,2615160
Tony Snell,SF,74,12,17.6,2.1,0.9,0.4,0.2,0.3,6,10607143
Omari Spellman,PF,46,11,17.5,4.2,1,0.6,0.5,0.7,5.9,1622520
Nik Stauskas,SG,68,0,14.9,1.9,1.2,0.3,0.1,0.8,5.9,2161886
Lance Stephenson,SG,68,3,16.5,3.2,2.1,0.6,0.1,1.3,7.2,4449000
Edmond Sumner,PG,23,2,9.1,1,0.4,0.5,0.2,0.4,2.9,449794
Caleb Swanigan,PF,21,0,8.5,3,0.5,0.3,0,0.9,2,1740000
Jayson Tatum,SF,79,79,31.1,6,2.1,1.1,0.7,1.5,15.7,6700800
Jeff Teague,PG,42,41,30.1,2.5,8.2,1,0.4,2.3,12.1,19000000
Garrett Temple,SG,75,55,27.2,2.9,1.4,1,0.4,0.9,7.8,8000000
Jared Terrell,SG,14,0,7.9,0.4,0.9,0.2,0.1,0.7,2.2,77250
Emanuel Terry,PF,3,0,7.7,2.3,0.7,1,0,0.7,3.3,94740
Daniel Theis,C,66,2,13.8,3.4,1,0.3,0.6,0.5,5.7,1378242
Isaiah Thomas,SG,12,0,15.1,1.1,1.9,0.4,0.1,1.5,8.1,2029463
Khyri Thomas,SG,26,0,7.5,0.8,0.3,0.3,0.2,0.2,2.3,838464
Lance Thomas,PF,46,17,17,2.5,0.6,0.4,0.2,0.5,4.5,7119650
Klay Thompson,SG,78,78,34,3.8,2.4,1.1,0.6,1.5,21.5,18988725
Tristan Thompson,C,43,40,27.9,10.2,2,0.7,0.4,1.4,10.9,17469565
Sindarius Thornwell,SG,64,1,4.9,0.7,0.3,0.2,0.1,0.3,1,1378242
Anthony Tolliver,PF,65,0,16.6,2.7,0.7,0.3,0.3,0.6,5,5750000
Karl-Anthony Towns,C,77,77,33.1,12.4,3.4,0.9,1.6,3.1,24.4,7839435
Allonzo Trier,SG,64,3,22.8,3.1,1.9,0.4,0.2,1.8,10.9,3382000
Evan Turner,PG,73,2,22,4.5,3.9,0.5,0.2,1.6,6.8,17868853
Myles Turner,C,74,74,28.6,7.2,1.6,0.8,2.7,1.4,13.3,3294994
Ekpe Udoh,C,51,1,6.3,1.8,0.5,0.2,0.6,0.3,2.3,3360000
Tyler Ulis,PG,1,0,1,0,0,0,0,0,0,77250
Jarred Vanderbilt,PF,17,0,4.1,1.4,0.2,0.4,0.1,0.5,1.4,838464
Fred VanVleet,PG,64,28,27.5,2.6,4.8,0.9,0.3,1.3,11,8653847
Noah Vonleh,PF,68,57,25.3,7.8,1.9,0.7,0.8,1.3,8.4,1621415
Dwyane Wade,SG,72,2,26.2,4,4.2,0.8,0.5,2.3,15,2393887
Moritz Wagner,C,43,5,10.4,2,0.6,0.3,0.3,0.9,4.8,1764240
Dion Waiters,SG,44,28,25.9,2.6,2.8,0.7,0.2,1.5,12,12705000
Kemba Walker,PG,82,82,34.9,4.4,5.9,1.2,0.4,2.6,25.6,12000000
Lonnie Walker,SG,17,0,6.9,1,0.5,0.4,0.2,0.2,2.6,2360160
John Wall,PG,32,32,34.5,3.6,8.7,1.5,0.9,3.8,20.7,19169800
Tyrone Wallace,PG,62,0,10.1,1.6,0.7,0.3,0.1,0.6,3.5,1349383
Brad Wanamaker,PG,36,0,9.5,1.1,1.6,0.3,0.1,0.5,3.9,838464
Julian Washburn,SF,18,3,14.1,2.3,0.8,0.7,0.1,0.4,2.2,77250
Yuta Watanabe,SF,15,0,11.6,2.1,0.5,0.3,0.1,0.4,2.6,77250
Thomas Welsh,C,11,0,3.3,0.4,0.5,0,0,0.1,1.6,77250
Russell Westbrook,PG,73,73,36,11.1,10.7,1.9,0.5,4.5,22.9,35665000
Derrick White,PG,67,55,25.8,3.7,3.9,1,0.7,1.4,9.9,1667160
Okaro White,PF,3,0,2,0.7,0,0,0,0,0,247827
Hassan Whiteside,C,72,53,23.3,11.3,0.8,0.6,1.9,1.3,12.3,24434262
Andrew Wiggins,SF,73,73,34.8,4.8,2.5,1,0.7,1.9,18.1,25467250
Alan Williams,PF,5,0,5.2,3.8,0.6,0.2,0,0.2,3.6,77250
Johnathan Williams,C,24,0,15.5,4.1,0.5,0.3,0.3,0.7,6.5,127250
Kenrich Williams,SF,46,29,23.5,4.8,1.8,1,0.4,0.8,6.1,838464
Marvin Williams,PF,75,75,28.4,5.4,1.2,0.9,0.8,0.6,10.1,14087500
Robert Williams,C,32,2,8.8,2.5,0.2,0.3,1.3,0.3,2.5,1656600
Troy Williams,SF,21,0,14.9,2.8,0.5,0.5,0.4,0.4,5.3,77250
Justise Winslow,SF,66,52,29.7,5.4,4.3,1.1,0.3,2.2,12.6,3448926
Christian Wood,PF,21,2,12,4,0.4,0.3,0.5,0.8,8.2,1512601
Delon Wright,PG,75,13,22.7,3.5,3.3,1.2,0.4,1,8.7,2536898
Guerschon Yabusele,PF,41,1,6.1,1.3,0.4,0.2,0.2,0.4,2.3,2667600
Nick Young,SG,4,0,9.3,0.3,0.5,0,0.3,0.5,2.3,284020
Thaddeus Young,PF,81,81,30.7,6.5,2.5,1.5,0.4,1.5,12.6,13764045
Trae Young,PG,81,81,30.9,3.7,8.1,0.9,0.2,3.8,19.1,5363280
Cody Zeller,C,49,47,25.4,6.8,2.1,0.8,0.8,1.3,10.1,13528090
Tyler Zeller,C,6,1,15.5,4,0.7,0.2,0.5,0.7,7.7,213948
Ivica Zubac,C,59,37,17.6,6.1,1.1,0.2,0.9,1.2,8.9,1544951
